<!--
whitelibraries.xml is part of pestudio (www.winitor.com)
It contains the libraries that will be whitelisted by pestudio.
-->
<xml version="1.0" encoding="utf-8">

  <libs>
    <lib md5="">sysmon.exe</lib>
    <lib md5="">regjump.exe</lib>
    <lib md5="">wget.exe</lib>
    <lib md5="">write.exe</lib>
    <lib md5="">procexp.exe</lib>
    <lib md5="">autorunsc.exe</lib>
    <lib md5="">autoruns.exe</lib>
    <lib md5="">sigcheck.exe</lib>
    <lib md5="">advapi32.dll</lib>
    <lib md5="">comdlg32.dll</lib>
    <lib md5="">comctl32.dll</lib>
    <lib md5="">gdi32.dll</lib>
    <lib md5="">ole32.dll</lib>
    <lib md5="">oleaut32.dll</lib>
    <lib md5="">kernel32.dll</lib>
    <lib md5="">riched20.dll</lib>
    <lib md5="">shlwapi.dll</lib>
    <lib md5="">shell32.dll</lib>
    <lib md5="">user32.dll</lib>
    <lib md5="">msvcrt.dll</lib>
    <lib md5="">mscoree.dll</lib>
    <lib md5="">version.dll</lib>
    <lib md5="">pestudio.exe</lib>
    <lib md5="">pestudiox.exe</lib>
    <lib md5="">peparser.dll</lib>
    <lib md5="839E04BCAE3FD1FE291B5EAB52881D69"></lib>
    <lib md5="D73D571A5AEF3200B96A060A65C61F76"></lib>
    <lib md5="2DAF1731A644116D0965C0CA4B51C082"></lib>
    <lib md5="692E49BAC94A83EA5B5DF1DAB55902F9"></lib>
    <lib md5="D7CBBEDFAD7AD68E12BF6FFCC01C3080"></lib>
    <lib md5="8824F868C845CD3430767501438986EB"></lib>
    <lib md5="3A582BF6FD39DC6A52AAF316126B40BA"></lib>
    <lib md5="3B8A306B76EDEBB1897148A626B01B18"></lib>
    <lib md5="AE4F49A47E42959D5E62E86653860A55"></lib>
    <lib md5="827C0D36B22BFDBC8AB95B891687B19C"></lib>
    <lib md5="42D58C5FA3AAA90B1E4D37E60E3B4414"></lib>
    <lib md5="1685f978149d7ba8e039af9a4d5803c7"></lib>
    <lib md5="CF8358CD12567B179AC8C2D2705CEFB7"></lib>
    <lib md5="4099AA11ECDF111AEAAC5D0913C04C33"></lib>
    <lib md5="CA93F62F8914379E34F5E2C0D412D5C7"></lib>
    <lib md5="98C413E1A2FB6E5A4C101C25B3D0B275"></lib>
    <lib md5="EE738FE9BCDD605821002CEC8C7206DB"></lib>
    <lib md5="F7CC4EF1340AD8DF5959C056DF077C2F"></lib>
    <lib md5="3C925CF43ADBC1C90E4F5DFD230111FD"></lib>
    <lib md5="B3FDF6E7B0AECD48CA7E4921773FB606"></lib>
    <lib md5="D5E37313F68ED509483286DAC8BDE28C"></lib>
    <lib md5="6173C16AFC0DACD8DDD68913AC66DEEB"></lib>
    <lib md5="15680D7B39C85A5F5D1AF1AD036BD7B3"></lib>
    <lib md5="CB12CDFBC038C0A5756F0CD2244069E0"></lib>
    <lib md5="371E896D818784934BD1456296B99CBE"></lib>
    <lib md5="D081D5532D4DE8432B584D9E74B6E70B"></lib>
    <lib md5="CD4EF5837EA80A902C5BBB357A666770"></lib>
    <lib md5="5F2122888583347C9B81724CF169EFC6"></lib>
    <lib md5="C191C746CD975CE2DD5F8B5E009F8385"></lib>
    <lib md5="0222ABCC607EC3FFF3B5CA1E3EC06860"></lib>
    <lib md5="A43B937C580F5DFC43EF63EF72992FE9"></lib>
    <lib md5="DA24EDFC1D6C1B67C010D34652B7052F"></lib>
    <lib md5="6098BA465FDF34F41E6DE0BAAC24F084"></lib>
    <lib md5="2E4FDCAA39CE06CF8A4681A32C4A8D41"></lib>
    <lib md5="FE2E5F179BD84F7F74D74F0982D603FA"></lib>
    <lib md5="29120094728D4FCD7C13B0E0CC83E27C"></lib>
    <lib md5="2EBBBFC120593C683796092F2DDA0EFC"></lib>
    <lib md5="FE0E4CB610E10ED9BD4BD00F789D3F39"></lib>
    <lib md5="1F6C145CDE15AED0DF45E0BB27E8AF4F"></lib>
    <lib md5="1BCE2C02487972FF0D5E6702D79E7A75"></lib>
    <lib md5="A51D90F2F9394F5EA0A3ACAE3BD2B219"></lib>
    <lib md5="130F7190FA9C17F6C88B103A9B93D930"></lib>
    <lib md5="970B99F2A41DD92E771806EE9A22217D"></lib>
    <lib md5="60D4712EB290E5818B84AB51DD8D7B5E"></lib>
    <lib md5="EC44C778A64DCD18BC98A7316E4664F0"></lib>
    <lib md5="3539A6D037A61F395BDE4BE99AC8759E"></lib>
    <lib md5="7E1CF52C347D8755E5CA5ED0E99B401E"></lib>
    <lib md5="28BA63403FF070AFF7FABCA51ED7E606"></lib>
    <lib md5="DC6612A9EE015A36BA2A27BC9CC12537"></lib>
    <lib md5="2B9C29DE5729E5872CFAD16A69CCB5F7"></lib>
    <lib md5="114E51EDCEEE385EDC6499E02A4307AA"></lib>
    <lib md5="A09533A0395A06F47143CAFB6DCED04A"></lib>
    <lib md5="A24743B58E597C95F71E22C8114D47A5"></lib>
    <lib md5="5EEFF69B73FAFDA869268FDFDB8EC868"></lib>
    <lib md5="0E3A80E445B6B68938E1BCBDFCE6FAD9"></lib>
    <lib md5="AB11CEFE591909A85E98E27A230807C7"></lib>
    <lib md5="713AD4CCD878ADF5C32938DB27BB632A"></lib>
    <lib md5="FF89AC4A986B1B60EEA28CE8250AA726"></lib>
    <lib md5="EBAE5AD60603BA61CADFDADA4B1AD295"></lib>
    <lib md5="8873CADF101E4552E913F02A46ABE47A"></lib>
    <lib md5="F5F647C9D26434FE2960A807FE65AE40"></lib>
    <lib md5="2309E09B6B5668E9219C85E33B970FB7"></lib>
    <lib md5="9E43D1A02DB51CEAD74B691EDE7327F4"></lib>
    <lib md5="790616CF7854D0F8E0773B894262AA00"></lib>
    <lib md5="CE8272F2C211F9FD407929CDDE8D1158"></lib>
    <lib md5="15CF9B9C8FE7D7DD8EC835156AE3C52A"></lib>
    <lib md5="6BD4D7F68924301051C22E8A951AECBA"></lib>
    <lib md5="F157D08FD3EA1CAE564325F09C602FD1"></lib>
    <lib md5="506708142BC63DABA64F2D3AD1DCD5BF"></lib>
    <lib md5="BE19B603DFBAA829EE5B7749B3BA97DB"></lib>
    <lib md5="EB1BAFF8F350C9297B284AFF6DFE22E0"></lib>
    <lib md5="685824CAFB264AEED32A0D2126A019CB"></lib>
    <lib md5="E2BB7AE580B4E6322289B11910E0E947"></lib>
    <lib md5="3E5223A6AC897D866ACBD2D9DB6DB688"></lib>
    <lib md5="64E56206F4E7124D8120D1B8F3F9160E"></lib>
    <lib md5="7771F2D9DC83ED055D78424003B01DC4"></lib>
    <lib md5="A1BEDC839FDC2E388A7F40B42F67A8AB"></lib>
    <lib md5="FA65486D908171A7B9430A755300C028"></lib>
    <lib md5="F400669EA3A973DC17C47AEC332A7D52"></lib>
    <lib md5="1D8732BE4EB5DC5FBFA81C1289E7D6CB"></lib>
    <lib md5="9B183AC0B0C513529D1E42EFD785106A"></lib>
    <lib md5="E4DA42310D5D50867E98B6F2D8615CF0"></lib>
    <lib md5="37BF71F8BBB696CB0FF0DB9002E31696"></lib>
    <lib md5="C95086DFD00FFC4760C53E77BA0A8FB0"></lib>
    <lib md5="9085758A20D78FFC737DB9FDA4CF2ECA"></lib>
    <lib md5="F0F08D038581E91CA896F3B43E4516BD"></lib>
    <lib md5="8D4AEC178A5C121D42AF14A59772577E"></lib>
    <lib md5="86316BE34481C1ED5B792169312673FD"></lib>
    <lib md5="A5DAD332DDD9326AE54448409089A189"></lib>
    <lib md5="1AF01465AE9B8874D76B3B90A74DB698"></lib>
    <lib md5="DBE287EB8D58E6322E9FB67110ED7122"></lib>
    <lib md5="4BB95452EBB8080A794EE35341DD8DF6"></lib>
    <lib md5="76043D9C27E08083AE3C2B5C5EA42E10"></lib>
    <lib md5="EE738FE9BCDD605821002CEC8C7206DB"></lib>
    <lib md5="0A8E209F3C1D1FB6889465D1019CC5BF"></lib>
    <lib md5="8CC3C111D653E96F3EA1590891491D71"></lib>
    <lib md5="B6051FDAB7DC811A2D6BE64A1579C735"></lib>
    <lib md5="E72EFF1B793FE064F068E715EFB1B5CD"></lib>
    <lib md5="0D50C42B88C74468D05EC4E228A5DAD3"></lib>
    <lib md5="FC9015FC4596D90BFE0547AB96CB21B3"></lib>
    <lib md5="76F3F6E03493DD045882AB730DDFF01D"></lib>
    <lib md5="0A2039089376CED5A837E9969BC8E8C5"></lib>
    <lib md5="D867517D8D6F4552FDFAA6934CAB969A"></lib>
    <lib md5="9E9542A6DDF96AD1BF5070A27012D8D5"></lib>
    <lib md5="105AC81F0A96544EB91CE67357DFC1BD"></lib>
    <lib md5="A75BBFE51F2495BCE794BB5A943B4838"></lib>
    <lib md5="6F850E6A06193716EFDA5104A36C3559"></lib>
    <lib md5="079C6220DF781658844CC779F266BE77"></lib>
    <lib md5="7A0DFC5353FF6DE7DE0208A29FA2FFC9"></lib>
    <lib md5="EAD0CA54B72489FFD5D591DA606D3D43"></lib>
    <lib md5="7F0F927BA0C05CEC33611819D8D1C34F"></lib>
    <lib md5="8C10B48AA8FD9B56208D945B4E1EA028"></lib>
    <lib md5="ABDDE302FBCED922DBE4E7294FAFEE06"></lib>
    <lib md5="D2C97F9FECF037C69B37E5C289136A47"></lib>
    <lib md5="98C46778FE9B96B73E1B0ECFF17E0DB5"></lib>
    <lib md5="F5A342E2A5173FCB363ECEF75812EB5C"></lib>
    <lib md5="B1D332585A6AAD3EF3D8A10A48FF8A3B"></lib>
    <lib md5="7043AB955770A79916E0BE2E298C21DA"></lib>
    <lib md5="C74259CD6EE524E3833CCE1291A7BF81"></lib>
    <lib md5="2D55C5E512B6AC22FE9999B91BABEC38"></lib>
    <lib md5="AC0A46FE6CF7A7A894EAF278E25FDF97"></lib>
    <lib md5="F78A34C2E5A57A4B2667CF3FD5253ABB"></lib>
    <lib md5="CC9605F35F87E1CB0D6F4321D390F73A"></lib>
    <lib md5="08F489B5A7B1D6966B36D7C126B96B53"></lib>
    <lib md5="E6CE0287A0715A518716092F309915F3"></lib>
    <lib md5="3AA5C37D509A4D85697CDB1EB403CF03"></lib>
    <lib md5="241A2BFEA47D83AE9C0EACCFCB36A3F1"></lib>
    <lib md5="574B13CA506F863A2FB8446947B06D90"></lib>
  </libs>
</xml>
